fecha,noroeste_ozono,noroeste_dioxido_de_azufre,noroeste_dioxido_de_nitrogeno,noroeste_monoxido_de_carbono,noroeste_pm10,noreste_ozono,noreste_dioxido_de_azufre,noreste_dioxido_de_nitrogeno,noreste_monoxido_de_carbono,noreste_pm10,centro_ozono,centro_dioxido_de_azufre,centro_dioxido_de_nitrogeno,centro_monoxido_de_carbono,centro_pm10,suroeste_ozono,suroeste_dioxido_de_azufre,suroeste_dioxido_de_nitrogeno,suroeste_monoxido_de_carbono,suroeste_pm10,sureste_ozono,sureste_dioxido_de_azufre,sureste_dioxido_de_nitrogeno,sureste_monoxido_de_carbono,sureste_pm10
2005-01-31,35.766129032258064,19.295698924731184,22.278225806451612,18.849462365591396,56.84139784946237,34.49731182795699,17.502688172043012,19.063172043010752,17.379032258064516,76.77150537634408,29.528225806451612,18.01478494623656,26.907258064516128,22.013440860215052,60.14247311827957,42.62903225806452,13.668010752688172,21.982526881720432,17.501344086021504,55.200268817204304,40.125,13.965091050413138,25.936827956989248,22.038978494623656,58.706989247311824
2005-02-28,34.148809523809526,12.59672619047619,20.175595238095237,16.983630952380953,53.13690476190476,34.53720238095238,15.058035714285714,18.864583333333332,16.300595238095237,71.74553571428571,28.370535714285715,11.581845238095237,25.169642857142858,19.897321428571427,56.49107142857143,42.84077380952381,7.590773809523809,19.424107142857142,14.505952380952381,52.955357142857146,39.645833333333336,7.971726190476191,23.453869047619047,19.949404761904763,56.791666666666664
2005-03-31,34.479838709677416,12.700268817204302,19.801075268817204,17.076612903225808,46.93817204301075,37.178763440860216,18.16532258064516,18.533602150537636,15.766129032258064,66.62768817204301,28.346774193548388,12.271505376344086,22.978494623655912,20.239247311827956,51.97849462365591,41.71370967741935,9.509408602150538,17.59005376344086,13.456989247311828,45.51478494623656,40.63306451612903,10.170698924731182,20.201612903225808,17.31451612903226,52.96370967741935
2005-04-30,38.87222222222222,22.769444444444446,22.504166666666666,18.434722222222224,58.90416666666667,43.03333333333333,29.266666666666666,18.766666666666666,14.031944444444445,73.20138888888889,35.11388888888889,17.10972222222222,25.022222222222222,21.051388888888887,59.3014861057433,46.236111111111114,10.584722222222222,18.34861111111111,14.483333333333333,54.44305555555555,43.91388888888889,12.011111111111111,22.3625,18.925,58.56666666666667
2005-05-31,41.36021505376344,11.71236559139785,19.59543010752688,16.596774193548388,56.43010752688172,45.501344086021504,14.36021505376344,18.501344086021504,16.16532258064516,69.21236559139786,38.028225806451616,9.80241935483871,24.623655913978496,19.36962365591398,57.0139224809387,50.325268817204304,6.223118279569892,18.543010752688172,14.461021505376344,51.87768817204301,47.46370967741935,6.356182795698925,23.623655913978496,20.306451612903224,55.51881720430107
2005-06-30,30.511111111111113,9.71111111111111,14.527777777777779,11.915277777777778,46.31944444444444,30.47222222222222,10.5,14.079166666666667,12.359722222222222,56.46944444444444,24.105555555555554,7.476388888888889,18.365277777777777,18.18888888888889,44.11098379480524,33.94027777777778,6.169444444444444,14.181944444444444,11.89861111111111,38.27638888888889,31.745833333333334,6.127777777777778,18.794444444444444,18.07638888888889,42.9375
2005-07-31,30.771505376344088,13.916666666666666,15.21774193548387,13.35752688172043,47.284946236559136,30.89516129032258,9.975806451612904,14.005376344086022,12.362903225806452,55.25268817204301,25.467741935483872,9.170698924731182,19.723118279569892,19.16532258064516,42.62231182795699,37.32392473118279,7.161290322580645,15.248655913978494,12.161290322580646,36.78629032258065,34.51881720430107,7.149193548387097,20.758064516129032,19.43951612903226,41.58870967741935
2005-08-31,30.123655913978496,9.798387096774194,15.016129032258064,14.10752688172043,39.50268817204301,28.01478494623656,7.654569892473118,14.362903225806452,13.423387096774194,52.03629032258065,25.93010752688172,7.15994623655914,19.349462365591396,17.149193548387096,40.371326153330955,38.04435483870968,6.112903225806452,16.072580645161292,12.163978494623656,31.553763440860216,33.88306451612903,6.049731182795699,18.801075268817204,18.95967741935484,38.31442974339326
2005-09-30,32.18472222222222,13.331944444444444,15.806944444444444,14.109722222222222,45.108333333333334,31.018055555555556,10.88888888888889,14.758333333333333,13.697222222222223,58.30694444444445,29.691666666666666,10.075,19.504166666666666,15.719444444444445,42.36944444444445,41.37222222222222,7.770833333333333,17.01388888888889,12.222222222222221,37.13055555555555,37.1625,8.169444444444444,20.586111111111112,18.431944444444444,45.513888888888886
2005-10-31,29.918010752688172,15.138440860215054,17.49462365591398,14.669354838709678,45.78360215053763,29.102150537634408,12.551075268817204,15.388440860215054,14.388440860215054,61.579301075268816,26.831989247311828,12.775537634408602,20.59543010752688,18.508064516129032,44.098118279569896,41.07795698924731,9.606182795698924,17.23521505376344,13.307795698924732,41.56317204301075,35.668010752688176,9.86021505376344,20.823924731182796,17.65456989247312,47.61424731182796
2005-11-30,31.15,18.56111111111111,21.544444444444444,17.727777777777778,50.325,32.330555555555556,19.23472222222222,16.858333333333334,16.61111111111111,66.55694444444444,27.4625,14.2,24.644444444444446,19.96527777777778,53.266666666666666,42.44166666666667,10.444444444444445,19.815277777777776,14.656944444444445,46.7375,34.53055555555556,9.968055555555555,23.870833333333334,20.404166666666665,54.459722222222226
2005-12-31,32.153225806451616,19.061827956989248,23.682795698924732,19.701612903225808,55.17741935483871,34.58736559139785,17.752688172043012,20.893817204301076,20.053763440860216,79.17338709677419,31.061827956989248,16.21505376344086,27.06048387096774,21.918010752688172,62.026881720430104,43.420698924731184,11.08736559139785,22.017473118279568,17.275537634408604,54.26209677419355,36.946236559139784,10.89516129032258,25.245967741935484,19.25,61.53225806451613
2006-01-31,31.241935483870968,14.33736559139785,22.36021505376344,18.077956989247312,53.85349462365591,30.848118279569892,11.10752688172043,18.818548387096776,19.58467741935484,76.14516129032258,28.973118279569892,12.461014476961683,23.096774193548388,20.196236559139784,58.24635528183229,42.185483870967744,5.877688172043011,20.051075268817204,15.068548387096774,47.373655913978496,33.0255376344086,6.181451612903226,22.90456989247312,16.397849462365592,56.59139784946237
2006-02-28,30.96875,12.880952380952381,19.922619047619047,15.491071428571429,52.30654761904762,32.910714285714285,10.443452380952381,18.142857142857142,18.15922619047619,72.74553571428571,28.279761904761905,9.217261904761905,23.367559523809526,18.96577380952381,60.700892857142854,45.10267857142857,6.011904761904762,17.988095238095237,13.479166666666666,44.38690476190476,35.180059523809526,5.502976190476191,23.706845238095237,16.214285714285715,56.45238095238095
2006-03-31,31.381720430107528,10.317204301075268,19.872311827956988,14.564516129032258,52.33870967741935,32.10752688172043,8.685483870967742,17.134408602150536,15.87231182795699,72.3239247311828,25.591397849462364,5.778225806451613,22.927419354838708,17.298387096774192,58.51840053590285,41.564516129032256,4.263440860215054,17.311827956989248,12.619623655913978,45.84165208953155,32.458333333333336,4.936827956989247,21.176075268817204,13.318548387096774,54.54032258064516
2006-04-30,37.77361111111111,8.483333333333333,17.695833333333333,12.905555555555555,47.63968218421845,36.290277777777774,6.663888888888889,16.925,13.2875,61.8826851295931,31.031944444444445,6.825,21.158333333333335,17.2875,56.56908100450256,48.1375,4.138888888888889,15.920833333333333,13.286111111111111,43.66295011427819,38.67777777777778,4.2444444444444445,20.775,16.108333333333334,49.00014740403539
2006-05-31,35.556451612903224,11.834677419354838,17.868279569892472,12.227150537634408,42.495258720561885,35.443548387096776,9.80510752688172,17.331989247311828,15.05510752688172,59.251344086021504,29.288978494623656,9.268817204301076,20.76478494623656,15.638440860215054,45.8484296505519,44.149193548387096,5.122311827956989,17.008064516129032,11.641129032258064,35.56586021505376,37.655913978494624,5.880376344086022,22.079301075268816,15.34005376344086,41.556451612903224
2006-06-30,32.875,8.45138888888889,16.3125,11.72638888888889,42.19166666666667,31.038888888888888,7.268055555555556,14.1,11.03888888888889,61.730555555555554,24.404166666666665,6.386727588095601,18.85011627148958,15.831944444444444,41.588731473131624,40.83611111111111,3.6319444444444446,15.229166666666666,11.806944444444444,35.446335990559156,34.298611111111114,4.3694444444444445,20.252777777777776,19.613888888888887,39.455555555555556
2006-07-31,26.506720430107528,9.182795698924732,15.776881720430108,12.053763440860216,36.56989247311828,25.309139784946236,7.668010752688172,15.053763440860216,12.702956989247312,53.32392473118279,19.263440860215052,6.593317440870028,17.79032258064516,17.172043010752688,41.41812944074996,34.346774193548384,3.9583333333333335,13.843007405429002,11.89247311827957,30.077956989247312,28.68951612903226,4.858870967741935,19.053763440860216,15.216397849462366,34.82275142594155
2006-08-31,30.72043010752688,12.075268817204302,17.276881720430108,12.09274193548387,41.72715053763441,29.456989247311828,7.626344086021505,16.419354838709676,13.112903225806452,58.64784946236559,24.489247311827956,7.313172043010753,19.309139784946236,17.272849462365592,38.01075268817204,39.64650537634409,5.099462365591398,14.915322580645162,10.548387096774194,34.447151823388836,32.064516129032256,4.451612903225806,19.572580645161292,16.518817204301076,38.37231182795699
2006-09-30,30.43888888888889,8.7875,17.441666666666666,13.323611111111111,40.75,27.97361111111111,6.551388888888889,15.133333333333333,13.369444444444444,53.358333333333334,23.134722222222223,5.75,18.565779497903932,17.541666666666668,35.118631938182,38.041666666666664,3.5819444444444444,15.302777777777777,11.335425403301976,31.808333333333334,31.461111111111112,4.088888888888889,17.431944444444444,14.266666666666667,34.71527777777778
2006-10-31,27.760752688172044,9.380376344086022,18.28494623655914,15.836021505376344,41.982807435681536,27.927419354838708,7.077956989247312,16.88037634408602,15.740591397849462,58.100806451612904,20.572580645161292,6.5972198794173345,19.400537634408604,19.098118279569892,40.76355285295402,36.58870967741935,3.8521505376344085,16.70967741935484,13.458333333333334,31.855042101732764,29.481182795698924,3.9475806451612905,18.998655913978496,14.564516129032258,39.71777006719763
2006-11-30,31.3125,13.204166666666667,22.363888888888887,16.63888888888889,48.047222222222224,29.745833333333334,8.7625,19.50138888888889,17.025,67.76527777777778,23.613888888888887,8.072222222222223,24.302123151994206,20.448611111111113,45.96663656721526,40.077777777777776,6.458333333333333,19.825,13.969444444444445,38.294444444444444,30.73611111111111,6.115277777777778,23.455555555555556,17.3625,44.27895906690853
2006-12-31,28.059139784946236,13.131720430107526,21.642473118279568,18.614247311827956,46.704301075268816,27.801075268817204,10.588709677419354,19.416666666666668,21.27016129032258,79.36155913978494,19.323924731182796,8.196236559139784,22.420698924731184,23.288978494623656,44.87223565904214,35.909946236559136,5.708333333333333,20.44489247311828,14.338709677419354,42.02434609242861,28.513440860215052,6.479838709677419,20.626344086021504,16.176075268817204,46.28225806451613
2007-01-31,26.47983870967742,11.254032258064516,18.509408602150536,14.743279569892474,42.28360215053763,27.270456803946843,9.795698924731182,14.67741935483871,14.197414516269076,65.26881720430107,20.129032258064516,7.137096774193548,18.23521505376344,14.404569892473118,40.189686378773956,36.473118279569896,4.901881720430108,15.803763440860216,10.59005376344086,34.759408602150536,28.36021505376344,5.885752688172043,17.573924731182796,14.12768817204301,39.310369353614995
2007-02-28,33.836309523809526,10.901785714285714,21.107142857142858,16.022321428571427,45.72767857142857,34.69940476190476,10.811011904761905,18.49702380952381,14.316964285714286,75.88095238095238,26.113095238095237,6.211309523809524,21.96577380952381,15.498511904761905,47.78684523042695,44.620535714285715,4.119047619047619,17.160714285714285,9.425595238095237,37.342261904761905,34.13392857142857,5.7038690476190474,19.776785714285715,14.128323868320635,43.00297619047619
2007-03-31,35.23118279569893,9.75268817204301,18.963709677419356,14.361559139784946,45.681451612903224,33.049731182795696,8.126344086021506,17.002803789017438,12.184139784946236,62.501344086021504,27.52414872552966,6.364247311827957,20.997797363562945,13.817204301075268,47.368449819634165,46.600806451612904,4.231182795698925,16.724462365591396,10.268817204301076,38.288978494623656,35.653225806451616,4.883064516129032,19.801075268817204,14.303763440860216,42.81989247311828
2007-04-30,32.46527777777778,8.5125,18.5375,14.118055555555555,46.354166666666664,34.55694444444445,7.995833333333334,17.17222222222222,11.588888888888889,62.30416666666667,26.52638888888889,5.663888888888889,21.143055555555556,14.669444444444444,46.87916666666667,46.16111111111111,3.5194444444444444,17.381944444444443,10.25,39.165277777777774,34.4625,4.561111111111111,19.20138888888889,14.184722222222222,41.94027777777778
2007-05-31,33.11827956989247,8.301075268817204,16.625,11.330645161290322,40.87096774193548,35.876344086021504,6.782258064516129,17.192204301075268,9.780913978494624,59.95295698924731,27.462365591397848,5.459677419354839,20.028225806451612,13.455645161290322,43.20774641519343,47.19220430107527,3.967741935483871,15.182795698924732,9.295698924731182,33.914436126748186,35.840053763440864,4.208333333333333,19.361559139784948,14.934139784946236,39.314516129032256
2007-06-30,32.606944444444444,10.1875,18.72361111111111,14.0125,40.67916666666667,32.36944444444445,8.005555555555556,16.15845280420691,11.6875,59.923611111111114,24.425,7.041666666666667,20.09861111111111,13.684722222222222,40.27638888888889,44.86666666666667,5.1194444444444445,15.66388888888889,9.379166666666666,31.843055555555555,35.584722222222226,6.184722222222222,20.156944444444445,15.5,40.451388888888886
2007-07-31,30.536290322580644,8.206989247311828,16.15994623655914,12.939516129032258,35.303763440860216,30.719086021505376,6.888440860215054,14.213825294393784,8.924398925011273,56.00897836550658,24.907258064516128,6.256720430107527,17.705645161290324,15.061827956989248,39.23374775841367,42.74596774193548,4.056451612903226,14.44758064516129,9.141129032258064,29.672043010752688,34.935483870967744,4.956989247311828,17.932795698924732,14.698924731182796,34.47703602028166
2007-08-31,27.489247311827956,5.934139784946237,14.541666666666666,12.135752688172044,33.090053763440864,29.408602150537636,5.216397849462366,12.59274193548387,9.008064516129032,47.094086021505376,23.033602150537636,3.4193548387096775,16.34543010752688,13.14247311827957,35.10215053763441,36.47849462365591,3.1693548387096775,13.461021505376344,7.900537634408602,25.751344086021504,31.497311827956988,3.946236559139785,17.506720430107528,15.344086021505376,31.208962183524598
2007-09-30,26.329166666666666,10.633333333333333,15.2125,12.779166666666667,38.87916666666667,26.769444444444446,8.276388888888889,13.393055555555556,9.996249445264487,56.397222222222226,22.533333333333335,6.370833333333334,18.081944444444446,13.656944444444445,45.704166666666666,37.147222222222226,6.070833333333334,15.158333333333333,8.825,32.67916666666667,30.079166666666666,6.055555555555555,19.308333333333334,15.136111111111111,37.92603388509538
2007-10-31,27.52016129032258,11.549731182795698,17.15994623655914,12.481182795698924,40.126344086021504,30.006720430107528,8.733870967741936,14.908833384486492,10.16846881795121,55.28544791031651,22.772849462365592,7.544354838709677,19.94489247311828,14.521505376344086,47.36336693461809,37.20295698924731,6.916666666666667,16.426075268817204,8.993279569892474,31.576612903225808,31.202956989247312,7.032258064516129,20.36021505376344,15.563172043010752,40.26747311827957
2007-11-30,26.70277777777778,13.420833333333333,18.84722222222222,14.613888888888889,48.545833333333334,30.26527777777778,10.508333333333333,16.35162783063604,11.73611111111111,64.12531477034115,22.23472222222222,8.425,21.43611111111111,16.895833333333332,56.22184027330461,37.730555555555554,7.338888888888889,18.03472222222222,9.552777777777777,36.54866365405874,32.13472222222222,8.120833333333334,21.55,16.95277777777778,43.83888888888889
2007-12-31,29.11021505376344,11.03763440860215,21.594086021505376,17.666666666666668,50.08870967741935,31.842741935483872,8.649193548387096,20.370967741935484,14.495967741935484,78.74596774193549,25.178763440860216,7.243279569892473,24.56989247311828,19.688172043010752,71.33064516129032,42.53763440860215,6.743279569892473,20.643817204301076,10.696236559139784,46.770517226419436,34.903225806451616,5.995967741935484,24.357526881720432,16.321236559139784,56.306451612903224
2008-01-31,28.134408602150536,14.076612903225806,18.754032258064516,14.946236559139784,50.06317204301075,30.037634408602152,11.544354838709678,15.016244649232494,12.221774193548388,75.15322580645162,23.486559139784948,9.530913978494624,20.221774193548388,14.702956989247312,64.27150537634408,36.42741935483871,7.094086021505376,17.598118279569892,9.567204301075268,42.31720430107527,31.63978494623656,7.442204301075269,19.2230382495474,14.221774193548388,51.395161290322584
2008-02-29,31.157906972983778,10.441091954022989,19.112068965517242,13.672413793103448,53.24856321839081,34.785919540229884,8.147988505747126,16.035919540229884,12.099137931034482,76.08477011494253,26.83477011494253,7.2011494252873565,21.20689655172414,15.550287356321839,63.47557471264368,40.74568965517241,5.852011494252873,17.63362068965517,9.495689655172415,44.3117816091954,33.992816091954026,4.875,19.836206896551722,11.767241379310345,52.020114942528735
2008-03-31,36.52137534031816,8.091397849462366,18.169354838709676,12.21505376344086,53.63978494623656,38.15456989247312,6.538978494623656,17.080645161290324,11.524193548387096,73.04569892473118,32.24596774193548,5.78494623655914,20.598118279569892,13.758064516129032,65.24327956989248,45.74193548387097,6.424731182795699,15.547043010752688,10.46236559139785,46.155913978494624,39.516129032258064,5.412634408602151,18.913858449589917,10.213709677419354,53.255376344086024
2008-04-30,38.68888888888889,10.506944444444445,19.693055555555556,12.386111111111111,51.209722222222226,38.74305555555556,9.765277777777778,16.440994603019234,11.385596111545253,67.63866659995618,30.281944444444445,7.9430555555555555,20.169444444444444,14.030555555555555,60.793055555555554,46.640277777777776,7.6375,17.480555555555554,11.347222222222221,40.58611111111111,41.92777777777778,6.3125,21.712458651155046,11.722222222222221,51.290277777777774
2008-05-31,38.681451612903224,7.837365591397849,17.607526881720432,12.26478494623656,49.123655913978496,37.56586021505376,6.629032258064516,15.823924731182796,8.0,65.89516129032258,31.721774193548388,6.263440860215054,19.15456989247312,12.791666666666666,56.581989247311824,44.99731182795699,6.05241935483871,15.620967741935484,9.577956989247312,40.13575268817204,40.663978494623656,4.809139784946237,19.473118279569892,11.845430107526882,48.30241935483871
2008-06-30,30.398611111111112,6.826388888888889,16.025,10.188888888888888,41.78806402947991,30.4375,6.616666666666666,12.848730581984688,9.040277777777778,59.168055555555554,25.056944444444444,5.395833333333333,17.658333333333335,13.426388888888889,43.2,38.05972222222222,4.530555555555556,15.01388888888889,8.91388888888889,31.704166666666666,33.205555555555556,5.154166666666667,19.068055555555556,12.606944444444444,38.40694444444444
2008-07-31,30.556451612903224,7.290322580645161,16.196236559139784,11.489247311827956,38.865591397849464,30.108870967741936,6.638440860215054,13.733870967741936,9.336021505376344,58.229838709677416,25.775537634408604,5.274193548387097,17.138440860215052,12.606182795698924,41.2755376344086,37.233870967741936,4.315860215053763,14.268817204301076,8.981182795698924,29.303763440860216,34.259408602150536,4.848118279569892,18.276801690407616,11.192204301075268,35.82481074779331
2008-08-31,29.7002688172043,6.436827956989247,19.063172043010752,11.12231182795699,37.803763440860216,29.93951612903226,6.610215053763441,15.49731182795699,10.081989247311828,59.28225806451613,25.655913978494624,5.712365591397849,19.76478494623656,13.32258064516129,38.05913978494624,36.69892473118279,4.65994623655914,15.190860215053764,10.452956989247312,28.315860215053764,31.993279569892472,5.256720430107527,18.397849462365592,12.10483870967742,34.23146809383193
2008-09-30,23.82777777777778,6.694444444444445,15.570833333333333,10.394444444444444,35.48566836145154,26.836111111111112,5.201388888888889,13.108333333333333,7.3597222222222225,52.888888888888886,20.05,3.6458333333333335,16.727777777777778,11.625,35.93888888888889,27.77777777777778,5.090277777777778,14.248611111111112,9.906944444444445,28.441666666666666,26.255555555555556,4.095833333333333,16.094444444444445,10.184722222222222,32.06111111111111
2008-10-31,27.990591397849464,8.893817204301076,17.18010752688172,10.901881720430108,39.74596774193548,28.0752688172043,6.69489247311828,14.451612903225806,8.118279569892474,57.85618279569893,22.543010752688172,6.360215053763441,18.186827956989248,13.928763440860216,41.350806451612904,32.384408602150536,6.834677419354839,15.185483870967742,10.701612903225806,28.960440139562383,28.256720430107528,5.974462365591398,16.309099769934992,7.743279569892473,34.649193548387096
2008-11-30,25.719444444444445,11.245833333333334,20.866666666666667,13.904166666666667,55.766666666666666,28.058333333333334,8.563888888888888,17.444444444444443,10.570833333333333,76.97361111111111,21.57217590526954,8.047222222222222,21.410223942348377,14.2625,56.275,31.65972222222222,7.173611111111111,17.85972222222222,11.154166666666667,36.24027777777778,28.380555555555556,6.233333333333333,19.575,12.190494110658765,49.647222222222226
2008-12-31,30.263440860215052,12.489247311827956,25.14516129032258,18.073924731182796,69.84408602150538,31.940860215053764,8.189516129032258,18.936827956989248,11.883064516129032,91.47446236559139,23.537634408602152,8.075268817204302,24.513440860215052,18.18010752688172,61.858870967741936,38.090053763440864,7.450268817204301,19.978494623655912,14.846774193548388,44.13978494623656,31.690860215053764,6.059139784946237,21.75130407101026,13.423387096774194,56.43413978494624
2009-01-31,25.88037634408602,11.076612903225806,18.865591397849464,13.778225806451612,58.83736559139785,28.440860215053764,8.356182795698924,16.74070701482389,10.060483870967742,75.02956989247312,22.736559139784948,7.541666666666667,20.482526881720432,14.838709677419354,48.473118279569896,30.940860215053764,6.876344086021505,17.061827956989248,11.702956989247312,39.24327956989247,31.9247311827957,6.084677419354839,20.387096774193548,13.010752688172044,48.87903225806452
2009-02-28,31.555059523809526,10.982142857142858,19.022321428571427,13.617559523809524,54.05654761904762,31.845238095238095,8.858630952380953,17.08346133784074,9.425595238095237,73.80505952380952,28.651785714285715,8.037202380952381,20.205357142857142,13.239583333333334,50.220238095238095,37.888392857142854,6.166666666666667,17.700892857142858,10.398809523809524,39.373511904761905,36.700892857142854,6.811011904761905,20.953869047619047,13.59672619047619,51.373511904761905
2009-03-31,30.916666666666668,8.93010752688172,17.307795698924732,12.702956989247312,46.498655913978496,30.672043010752688,7.192204301075269,15.051075268817204,9.016129032258064,71.01075268817205,28.77956989247312,6.268817204301075,17.809139784946236,10.184139784946236,44.829301075268816,36.75268817204301,4.69489247311828,15.029569892473118,9.266129032258064,37.361559139784944,35.88575268817204,5.139784946236559,18.201612903225808,11.911290322580646,47.846774193548384
2009-04-30,34.80972222222222,7.3125,19.644444444444446,11.519444444444444,53.020833333333336,34.44305555555555,6.125,15.320833333333333,8.516666666666667,75.17777777777778,32.30277777777778,5.7625,17.21388888888889,9.869444444444444,48.51111111111111,41.62638888888889,4.615277777777778,14.895833333333334,8.006961917715063,41.733333333333334,42.3375,4.252777777777778,17.718055555555555,10.809722222222222,49.9875
2009-05-31,33.965053763440864,6.064516129032258,17.545698924731184,10.155913978494624,41.19220430107527,32.990591397849464,6.129032258064516,14.940860215053764,7.060483870967742,59.4005376344086,31.517473118279568,4.298387096774194,17.748655913978496,9.612903225806452,37.850806451612904,39.02150537634409,4.678763440860215,15.692204301075268,8.268817204301076,31.471774193548388,39.72849462365591,4.065860215053763,18.49462365591398,12.506720430107526,37.01075268817204
2009-06-30,31.136111111111113,6.888888888888889,16.23611111111111,10.0875,36.86805555555556,31.1875,4.795833333333333,12.514008359762466,6.652777777777778,59.75694444444444,26.591666666666665,4.476388888888889,16.8199461645706,9.315277777777778,35.209722222222226,36.46111111111111,4.915277777777778,14.626388888888888,8.418055555555556,28.979166666666668,36.15694444444444,4.579166666666667,18.090236428932823,12.870833333333334,35.956944444444446
2009-07-31,32.78629032258065,10.129032258064516,16.928763440860216,8.901881720430108,42.543010752688176,32.26478494623656,6.782258064516129,13.713709677419354,7.728494623655914,71.3763440860215,28.331989247311828,6.98252688172043,17.283602150537636,10.458333333333334,38.54032258064516,37.045698924731184,6.575268817204301,15.153225806451612,8.12768817204301,31.59543010752688,38.5,5.681451612903226,19.311827956989248,12.088709677419354,39.9981978445675
2009-08-31,30.271505376344088,10.06989247311828,16.411290322580644,9.580645161290322,39.25268817204301,29.08467741935484,5.646505376344086,12.480069943626276,8.239247311827956,65.08870967741936,25.329301075268816,7.321236559139785,17.146505376344088,9.87231182795699,36.450268817204304,33.08064516129032,4.504032258064516,14.512627714083811,9.34274193548387,28.842843631511542,35.19086021505376,5.397849462365591,17.241935483870968,11.778225806451612,35.61424731182796
2009-09-30,28.615277777777777,7.2972222222222225,16.959722222222222,10.490277777777777,35.75277777777778,27.945833333333333,4.779166666666667,14.258333333333333,8.881944444444445,62.86944444444445,24.330555555555556,5.863888888888889,16.87361111111111,10.7125,33.46388888888889,31.845833333333335,5.423611111111111,15.25,10.41388888888889,26.55,32.1375,4.425,16.06388888888889,10.734722222222222,32.75407740150637
2009-10-31,27.006720430107528,8.295698924731182,17.553763440860216,12.43010752688172,42.200268817204304,29.63037634408602,5.169354838709677,14.27027690729701,8.883064516129032,68.27956989247312,24.002688172043012,6.565860215053763,17.658602150537636,10.868279569892474,37.06989247311828,29.701612903225808,4.834677419354839,15.727150537634408,10.272849462365592,30.977150537634408,30.88978494623656,4.798387096774194,15.92741935483871,10.674731182795698,41.637524721393056
2009-11-30,31.665277777777778,9.83611111111111,20.180555555555557,12.416666666666666,48.418055555555554,31.582860536679675,4.694444444444445,16.159961163969374,9.168055555555556,65.89305555555555,28.56111111111111,6.163888888888889,20.545833333333334,12.790277777777778,44.291666666666664,35.25277777777778,5.411111111111111,18.0125,11.845833333333333,38.72222222222222,35.168055555555554,5.1625,18.204166666666666,10.395833333333334,43.382210183077675
2009-12-31,26.728494623655912,10.626344086021506,21.385752688172044,13.547043010752688,52.22849462365591,30.565860215053764,6.736559139784946,18.294354838709676,11.86021505376344,80.69220430107526,22.01478494623656,8.103494623655914,21.348118279569892,13.689516129032258,46.12096774193548,29.526881720430108,5.176075268817204,18.172043010752688,10.327956989247312,39.93817204301075,32.641129032258064,7.010752688172043,19.638440860215052,12.625,46.20295698924731
2010-01-31,26.301075268817204,9.486559139784946,19.06989247311828,14.240591397849462,47.575268817204304,30.321236559139784,7.638440860215054,17.27016129032258,12.315860215053764,72.91801075268818,21.336021505376344,7.602150537634409,19.365591397849464,13.381720430107526,37.72715053763441,32.630376344086024,4.806451612903226,14.253219111933275,10.477150537634408,32.3662015740155,31.048387096774192,5.512096774193548,16.717741935483872,14.353494623655914,38.94489247311828
2010-02-28,27.172619047619047,9.758928571428571,18.43154761904762,13.626488095238095,40.04761904761905,28.867559523809526,8.342261904761905,16.906378004507403,11.495413095341462,69.48660714285714,21.74404761904762,6.28125,18.793154761904763,12.508928571428571,34.09375,33.842261904761905,5.619047619047619,14.610706873926125,10.010416666666666,28.436011904761905,31.342261904761905,5.175595238095238,16.834821428571427,14.796130952380953,36.916666666666664
2010-03-31,31.530913978494624,12.623655913978494,17.766129032258064,12.553763440860216,48.19758064516129,34.306451612903224,9.92741935483871,16.633064516129032,10.223118279569892,71.98790322580645,25.877688172043012,7.770161290322581,18.133064516129032,11.809139784946236,39.79435483870968,37.86827956989247,5.395161290322581,14.165571314294446,9.227898673920437,36.55980080912611,33.56720430107527,5.208333333333333,16.580645161290324,12.047147687953167,42.31989247311828
2010-04-30,33.99861111111111,7.447222222222222,17.919444444444444,13.158333333333333,46.141666666666666,37.27777777777778,5.243055555555555,17.273611111111112,9.76388888888889,70.49861111111112,29.4125,5.572222222222222,18.791666666666668,11.126388888888888,38.13333333333333,40.52361111111111,5.129166666666666,13.277777777777779,10.120833333333334,32.666666666666664,36.81388888888889,3.6527777777777777,16.601388888888888,12.9,41.643055555555556
2010-05-31,36.54435483870968,8.071236559139784,17.8252688172043,11.905913978494624,47.763440860215056,38.586021505376344,6.912634408602151,19.153225806451612,10.181451612903226,68.57661290322581,32.7244623655914,5.423387096774194,20.228494623655912,11.280913978494624,40.56182795698925,45.814516129032256,6.095430107526882,15.000530939890263,10.459030740769178,36.134408602150536,43.40725806451613,4.916666666666667,18.865591397849464,15.03494623655914,45.27284946236559
2010-06-30,29.176388888888887,9.063888888888888,15.195833333333333,10.47638888888889,38.644444444444446,31.49861111111111,5.873611111111111,14.218055555555555,8.551388888888889,59.202777777777776,24.511111111111113,5.688888888888889,15.894444444444444,9.723611111111111,31.601388888888888,35.76111111111111,5.727777777777778,12.033333333333333,10.863888888888889,27.429166666666667,33.65555555555556,4.323611111111111,17.240277777777777,13.843055555555555,35.9625
2010-07-31,23.123655913978496,6.123655913978495,14.791666666666666,12.131720430107526,37.45295698924731,24.962365591397848,5.020161290322581,11.993279569892474,9.291666666666666,59.63978494623656,19.684139784946236,5.466397849462366,16.251344086021504,11.010752688172044,31.864247311827956,29.120967741935484,4.564516129032258,12.606182795698924,11.185483870967742,26.298387096774192,26.489247311827956,4.310483870967742,16.486559139784948,16.274193548387096,34.64784946236559
2010-08-31,23.633064516129032,5.837365591397849,14.329301075268818,11.498655913978494,36.60349462365591,25.967741935483872,3.4408602150537635,12.547043010752688,8.755376344086022,56.01075268817204,19.486559139784948,5.711021505376344,15.413978494623656,10.095430107526882,30.512096774193548,28.827956989247312,5.116935483870968,12.0,7.853494623655914,28.26689175246561,26.293010752688172,3.3413978494623655,16.18548387096774,13.829301075268818,35.708333333333336
2010-09-30,23.62638888888889,5.9875,14.17361111111111,10.261111111111111,35.31944444444444,25.384722222222223,3.8305555555555557,13.068772380797018,8.549656666956093,56.515277777777776,19.134722222222223,5.688888888888889,14.915277777777778,10.2875,32.580555555555556,28.772222222222222,4.25,11.902777777777779,9.625,25.520833333333332,25.147222222222222,3.0555555555555554,15.868055555555555,14.472222222222221,36.016666666666666
2010-10-31,29.688172043010752,8.556451612903226,18.6747311827957,13.81989247311828,53.06720430107527,32.706989247311824,6.573924731182796,19.251344086021504,10.513274731322841,77.48387096774194,26.772849462365592,7.323924731182796,20.385752688172044,10.991935483870968,56.76075268817204,40.098118279569896,5.115591397849462,16.276068574298865,12.134408602150538,40.93279569892473,36.685483870967744,4.598118279569892,19.911290322580644,15.584677419354838,50.78629032258065
2010-11-30,31.283333333333335,9.747222222222222,20.654166666666665,15.386111111111111,61.293055555555554,32.96666666666667,5.633333333333334,18.97222222222222,11.855555555555556,82.25416666666666,26.37638888888889,6.393055555555556,22.67222222222222,13.152777777777779,62.897222222222226,43.204166666666666,5.363888888888889,16.868055555555557,13.05349843212815,46.095990962176224,36.92916666666667,4.941666666666666,20.252777777777776,16.170833333333334,54.94583333333333
2010-12-31,25.787634408602152,12.583333333333334,21.713709677419356,18.2997311827957,66.93145161290323,31.080645161290324,8.51478494623656,20.887096774193548,14.834677419354838,93.57795698924731,21.807795698924732,8.434139784946236,23.533602150537636,16.639366452891952,68.50806451612904,38.704301075268816,7.424731182795699,18.001344086021504,15.50270508165974,53.020161290322584,33.725806451612904,5.598118279569892,22.751344086021504,18.548387096774192,69.5497311827957
2011-01-31,23.989247311827956,9.49731182795699,18.399193548387096,14.739247311827956,53.130376344086024,30.872311827956988,8.131720430107526,18.29032258064516,13.09274193548387,82.1975806451613,19.309139784946236,6.138440860215054,18.866935483870968,13.545698924731182,57.32258064516129,32.51747311827957,5.196236559139785,15.629032258064516,12.955645161290322,41.51214762220739,29.071236559139784,3.704301075268817,15.314516129032258,11.51747311827957,50.96170661899512
2011-02-28,28.947916666666668,10.089285714285714,19.413690476190474,13.788690476190476,57.683035714285715,35.86309523809524,9.572916666666666,19.799107142857142,12.523809523809524,81.38244047619048,25.901785714285715,7.8586309523809526,19.390005528976932,11.662202380952381,61.96577380952381,39.822916666666664,4.886904761904762,15.589285714285714,11.925595238095237,44.875,35.638392857142854,5.491071428571429,14.974392264615224,10.423314403307938,52.20801526377792
2011-03-31,31.36021505376344,6.747311827956989,17.783602150537636,12.415322580645162,59.729838709677416,35.85349462365591,6.81989247311828,18.428763440860216,11.98521505376344,76.99462365591398,28.967741935483872,5.307795698924731,18.532258064516128,10.318548387096774,64.20564516129032,42.20161290322581,4.116935483870968,15.286290322580646,11.039709721292951,45.854838709677416,38.42741935483871,4.079301075268817,14.828924515806746,10.63653558132952,56.6735297458407
2011-04-30,35.78472222222222,5.916666666666667,17.615277777777777,9.534722222222221,55.36805555555556,43.56805555555555,5.320833333333334,16.411230581984686,9.969330000096475,73.03611111111111,34.7875,3.8930555555555557,18.141666666666666,10.431944444444444,54.31388888888889,49.329166666666666,4.063888888888889,14.340277777777779,8.259722222222223,44.956944444444446,45.09456577407082,3.8569444444444443,13.300900107915286,9.152777777777779,47.695387007531856
2011-05-31,36.276881720430104,6.876344086021505,18.012096774193548,11.620967741935484,61.369623655913976,44.46698887671089,7.420698924731183,17.09554572450131,10.37231182795699,75.01881720430107,35.33991929486855,5.07258064516129,17.782258064516128,10.012096774193548,63.47043010752688,51.69507387122527,5.168010752688172,14.454566545213948,8.205645161290322,48.895161290322584,47.884408602150536,3.4623655913978495,12.533242015436421,9.013440860215054,50.26008973477387
2011-06-30,26.985976740550985,7.027777777777778,14.71111111111111,10.670833333333333,43.079166666666666,33.75972222222222,6.204166666666667,13.522222222222222,8.165277777777778,56.393055555555556,25.031944444444445,3.8291666666666666,14.947222222222223,9.272222222222222,47.231944444444444,35.2625,4.615277777777778,12.666666666666666,9.450720654350372,33.77237985106512,34.75555555555555,3.513888888888889,11.729042620131803,9.022222222222222,43.500284523832484
2011-07-31,28.09382594945352,6.412634408602151,16.197580645161292,9.564516129032258,39.7244623655914,33.020161290322584,6.349462365591398,15.81989247311828,9.801075268817204,50.08467741935484,21.639695300521687,3.3333333333333335,16.241562469061375,10.861559139784946,37.14247311827957,33.64650537634409,4.801075268817204,13.774193548387096,9.149193548387096,28.094086021505376,31.693548387096776,4.056451612903226,13.298387096774194,9.13978494623656,34.431222578197726
2011-08-31,29.338709677419356,8.88978494623656,15.942204301075268,10.190860215053764,42.098118279569896,34.844086021505376,7.556451612903226,15.541666666666666,9.841397849462366,52.178763440860216,24.677419354838708,4.315407500770153,15.879032258064516,10.043010752688172,42.64784946236559,36.40725806451613,5.379032258064516,14.135752688172044,11.21774193548387,29.40084272249162,35.155913978494624,4.349462365591398,12.728494623655914,8.663978494623656,35.178247117524
2011-09-30,29.519175703324194,8.063888888888888,15.936111111111112,10.658333333333333,42.173611111111114,36.12777777777778,6.927777777777778,15.968055555555555,9.577777777777778,57.4125,26.933333333333334,4.590575122227295,16.730555555555554,9.741666666666667,46.50694444444444,38.22638888888889,4.322222222222222,15.1625,9.573611111111111,33.641666666666666,36.31388888888889,3.838888888888889,12.916666666666666,8.393055555555556,38.31893997976794
2011-10-31,26.504032258064516,9.099462365591398,17.602150537634408,10.244623655913978,44.41532258064516,32.29704301075269,7.495967741935484,17.434139784946236,10.325268817204302,61.193548387096776,22.928763440860216,6.364247311827957,18.150537634408604,9.954301075268818,55.84139784946237,35.64784946236559,5.85752688172043,15.928763440860216,10.969086021505376,34.10215053763441,33.41935483870968,4.916666666666667,14.01747311827957,9.131720430107526,41.387982790804074
2011-11-30,27.434722222222224,9.065277777777778,19.947222222222223,10.245833333333334,49.358333333333334,34.705555555555556,7.729166666666667,18.8375,10.983333333333333,68.61805555555556,22.783333333333335,5.695833333333334,19.316666666666666,10.911490966046905,52.890277777777776,35.03611111111111,5.088888888888889,16.990277777777777,9.7,37.99444444444445,30.684722222222224,3.966666666666667,14.008126589108562,9.709198664857286,43.74305555555556
2011-12-31,27.125,10.323924731182796,21.841397849462364,12.049731182795698,59.67741935483871,33.634408602150536,9.084677419354838,21.274193548387096,13.801075268817204,79.34677419354838,23.431451612903224,6.401881720430108,21.043010752688172,13.333333333333334,61.638440860215056,37.52284946236559,4.736559139784946,19.370967741935484,11.28763440860215,44.090053763440864,32.04704301075269,4.25,15.538978494623656,11.495967741935484,53.138440860215056
2012-01-31,25.009408602150536,8.48252688172043,20.936827956989248,9.995967741935484,55.80510752688172,31.697580645161292,7.469086021505376,20.712365591397848,12.821236559139784,71.97311827956989,21.396505376344088,5.588709677419355,21.559252305742604,11.458333333333334,58.42607526881721,32.685483870967744,4.744623655913978,19.29032258064516,13.31989247311828,43.61021505376344,29.27016129032258,4.241935483870968,15.434139784946236,11.690860215053764,51.36424731182796
2012-02-29,25.629310344827587,7.347701149425287,18.90948275862069,9.441091954022989,42.13074712643678,30.129310344827587,6.829022988505747,18.563218390804597,11.232758620689655,58.48132183908046,21.669540229885058,4.866379310344827,18.42528735632184,10.413793103448276,42.55172413793103,31.923850574712645,3.5833333333333335,16.405172413793103,9.748563218390805,32.92097701149425,29.63074712643678,3.8807471264367814,13.656609195402298,9.511494252873563,37.80670670192859
2012-03-31,29.916666666666668,7.299731182795699,19.97043010752688,9.491935483870968,46.405913978494624,35.638440860215056,6.145161290322581,20.400537634408604,10.635752688172044,59.87768817204301,26.977150537634408,4.461021505376344,20.379032258064516,9.951612903225806,49.854838709677416,38.63575268817204,3.810483870967742,18.151881720430108,10.591397849462366,35.626344086021504,36.520161290322584,4.424731182795699,16.188172043010752,10.71774193548387,45.960334401259864
2012-04-30,34.90833333333333,7.281944444444444,20.122222222222224,9.868055555555555,48.37361111111111,41.736111111111114,5.3125,20.70277777777778,11.004166666666666,64.43611111111112,32.519444444444446,4.093055555555556,21.091666666666665,10.011111111111111,51.35,45.356944444444444,5.072222222222222,18.183333333333334,9.670833333333333,40.041666666666664,43.71666666666667,3.8680555555555554,16.854166666666668,10.797222222222222,49.93888888888889
2012-05-31,35.02956989247312,11.131720430107526,17.81451612903226,7.35752688172043,45.92204301075269,40.206989247311824,7.614247311827957,17.276881720430108,8.631720430107526,57.72043010752688,32.31182795698925,6.510752688172043,18.731182795698924,8.133064516129032,50.00672043010753,43.009408602150536,6.471774193548387,15.884408602150538,7.110215053763441,39.09543010752688,42.58870967741935,5.727150537634409,14.880376344086022,8.17741935483871,46.740591397849464
2012-06-30,24.47361111111111,7.759722222222222,15.897222222222222,7.438888888888889,36.56101890712152,31.247222222222224,5.684722222222222,15.363888888888889,8.530555555555555,43.42777777777778,21.613842571936207,4.391666666666667,16.215779497903934,8.602777777777778,36.12916666666667,30.747222222222224,4.5,14.911111111111111,8.691666666666666,29.955555555555556,31.091666666666665,3.213888888888889,13.32638888888889,7.688888888888889,32.18888888888889
2012-07-31,27.387096774193548,6.494623655913978,18.06989247311828,7.827956989247312,37.10618279569893,31.947580645161292,5.754032258064516,17.899193548387096,9.559139784946236,47.86827956989247,23.379032258064516,4.78494623655914,18.920698924731184,10.080645161290322,39.18010752688172,32.818548387096776,3.985215053763441,16.638440860215052,8.658602150537634,30.543010752688172,32.446236559139784,3.663978494623656,14.884408602150538,9.21505376344086,33.30779569892473
2012-08-31,26.34005376344086,6.873655913978495,16.31048387096774,8.184139784946236,37.36424731182796,31.201612903225808,4.716397849462366,15.48521505376344,8.768817204301076,49.456989247311824,21.801075268817204,4.112903225806452,16.419354838709676,8.99731182795699,38.678763440860216,31.728494623655912,4.380376344086022,15.548387096774194,8.561827956989248,31.716397849462364,31.184139784946236,3.15994623655914,13.702956989247312,8.668010752688172,34.26478494623656
2012-09-30,27.15,7.401388888888889,15.369444444444444,7.277777777777778,37.31944444444444,31.731944444444444,6.3597222222222225,15.465277777777779,8.304166666666667,47.233333333333334,23.920833333333334,5.377777777777778,16.45138888888889,9.083333333333334,38.516666666666666,32.21805555555556,4.802777777777778,15.205555555555556,7.786111111111111,32.168055555555554,31.66111111111111,4.451388888888889,13.8875,8.498611111111112,35.8625
2012-10-31,24.204301075268816,9.504032258064516,17.106182795698924,9.01478494623656,47.22715053763441,30.759408602150536,7.237903225806452,17.471774193548388,9.897849462365592,53.41935483870968,22.09005376344086,6.131720430107527,18.024193548387096,10.068548387096774,46.729838709677416,30.698924731182796,5.05241935483871,16.862903225806452,8.90994623655914,37.42741935483871,30.81048387096774,4.786290322580645,15.22983870967742,10.049731182795698,42.31586021505376
2012-11-30,23.29722222222222,9.397222222222222,16.769444444444446,7.979166666666667,45.55,30.5875,7.423611111111111,17.705555555555556,10.015277777777778,52.15694444444444,20.209722222222222,7.058333333333334,18.216666666666665,9.808333333333334,45.15833333333333,29.083333333333332,5.711111111111111,17.320833333333333,8.32638888888889,38.40416666666667,28.629166666666666,4.951388888888889,15.730555555555556,9.981944444444444,41.81805555555555
2012-12-31,26.161290322580644,9.358870967741936,22.13978494623656,10.681451612903226,60.748655913978496,32.71774193548387,8.012096774193548,21.962365591397848,13.14516129032258,77.6747311827957,21.989247311827956,6.616935483870968,21.612903225806452,12.108870967741936,58.155913978494624,35.206989247311824,6.151881720430108,19.530913978494624,10.698924731182796,49.791666666666664,31.236559139784948,4.702956989247312,17.4502688172043,11.34274193548387,52.071236559139784
2013-01-31,29.120967741935484,17.02016129032258,20.393817204301076,10.681451612903226,64.00268817204301,34.83870967741935,13.290322580645162,20.76478494623656,11.73252688172043,72.11021505376344,24.841397849462364,9.928763440860216,21.337365591397848,11.470151111963814,54.02956989247312,36.405913978494624,8.68010752688172,19.419354838709676,10.155913978494624,48.108870967741936,34.07258064516129,7.318548387096774,18.016129032258064,10.424731182795698,52.86827956989247
2013-02-28,28.004464285714285,9.532738095238095,17.71875,10.642857142857142,66.57738095238095,33.941964285714285,8.572916666666666,19.160714285714285,11.09077380952381,72.6235119047619,23.790128946122124,6.273809523809524,18.23565660489707,11.235119047619047,53.95238095238095,35.04613095238095,5.254464285714286,16.013392857142858,8.580357142857142,44.49702380952381,33.232142857142854,4.413690476190476,14.998511904761905,10.494047619047619,58.67113095238095
2013-03-31,32.32661290322581,9.408602150537634,17.297043010752688,8.91263440860215,58.056451612903224,37.053763440860216,7.618279569892473,17.81989247311828,8.873655913978494,62.49731182795699,26.93548387096774,6.211021505376344,17.662634408602152,9.791666666666666,50.64247311827957,37.471774193548384,5.14247311827957,15.55241935483871,7.845430107526882,42.69086021505376,35.244623655913976,4.376344086021505,14.31989247311828,7.775537634408602,47.439516129032256
2013-04-30,40.15555555555556,11.045833333333333,19.825,10.830555555555556,67.20694444444445,47.32222222222222,8.82638888888889,20.480555555555554,10.319444444444445,75.90416666666667,37.21666666666667,6.276388888888889,20.2,11.858333333333333,60.69583333333333,48.34861111111111,5.2125,17.494444444444444,9.975,48.919444444444444,46.22222222222222,4.073674118549931,15.056944444444444,7.713888888888889,62.479166666666664
2013-05-31,35.975806451612904,7.661290322580645,18.190860215053764,10.713709677419354,53.303763440860216,41.219086021505376,6.90994623655914,18.283602150537636,8.99731182795699,63.14784946236559,33.53360215053763,5.051075268817204,19.137096774193548,10.274193548387096,47.846774193548384,43.748655913978496,4.310483870967742,16.43010752688172,8.736559139784946,40.65860215053763,43.05913978494624,4.116935483870968,15.448924731182796,8.873760591178973,49.57661290322581
2013-06-30,30.020833333333332,8.688888888888888,16.72222222222222,8.979166666666666,46.40138888888889,33.895833333333336,6.776388888888889,16.841666666666665,8.6125,54.293055555555554,24.92222222222222,4.897222222222222,17.59861111111111,10.191666666666666,43.579166666666666,34.26111111111111,3.727777777777778,15.454166666666667,8.977777777777778,32.99027777777778,33.452777777777776,3.5069444444444446,15.008333333333333,8.656944444444445,41.956944444444446
2013-07-31,31.474462365591396,6.946236559139785,16.68548387096774,9.655913978494624,45.909946236559136,35.119623655913976,6.270161290322581,16.912634408602152,7.905913978494624,54.560483870967744,25.39516129032258,4.655913978494624,17.477150537634408,9.34274193548387,41.560483870967744,36.22043010752688,3.0618279569892475,15.614247311827956,8.048387096774194,32.435483870967744,34.645161290322584,3.48252688172043,14.244623655913978,7.131720430107527,41.895161290322584
2013-08-31,29.252688172043012,4.115591397849462,14.868279569892474,8.690860215053764,40.40725806451613,34.2244623655914,3.225806451612903,14.236559139784946,7.426075268817204,42.86290322580645,23.52016129032258,2.735215053763441,15.436567462976022,8.990591397849462,34.346774193548384,32.538978494623656,2.668010752688172,13.596774193548388,7.122311827956989,28.469086021505376,31.28494623655914,2.0954301075268815,13.358870967741936,7.151881720430108,37.36021505376344
2013-09-30,25.033333333333335,5.0569444444444445,15.975,10.416666666666666,41.80555555555556,29.615277777777777,3.9680555555555554,15.481944444444444,9.133333333333333,46.69305555555555,20.26388888888889,3.261111111111111,15.7625,10.21053452028077,35.56666666666667,28.959722222222222,2.7805555555555554,13.85138888888889,8.466666666666667,28.42455688416846,27.519444444444446,2.313888888888889,12.811111111111112,7.863888888888889,33.56527777777778
2013-10-31,26.357526881720432,7.298387096774194,16.262096774193548,9.271505376344086,47.303763440860216,30.338709677419356,6.631720430107527,15.647849462365592,8.491935483870968,51.82258064516129,21.120967741935484,4.969086021505376,16.623655913978496,10.15725806451613,42.02150537634409,30.112903225806452,4.147849462365591,15.21505376344086,7.720430107526882,31.26349170822889,28.783602150537636,3.872311827956989,14.330645161290322,8.14247311827957,42.37903225806452
2013-11-30,26.74861111111111,10.347222222222221,19.259722222222223,10.566666666666666,53.265277777777776,31.079166666666666,9.4,18.620833333333334,10.17361111111111,61.63333333333333,20.834722222222222,6.684722222222222,19.879166666666666,10.934722222222222,46.5375,29.229166666666668,5.8375,17.355555555555554,10.218055555555555,34.545833333333334,28.34861111111111,4.7375,16.529166666666665,9.623611111111112,45.14861111111111
2013-12-31,24.741935483870968,11.399193548387096,18.77016129032258,9.96236559139785,57.13575268817204,29.633064516129032,8.525537634408602,18.037634408602152,9.833333333333334,61.09543010752688,19.607526881720432,6.563172043010753,18.642473118279568,10.936827956989248,46.91129032258065,28.357526881720432,6.154569892473118,16.813172043010752,9.370967741935484,37.23118279569893,26.579301075268816,4.662634408602151,14.799731182795698,8.361559139784946,47.200268817204304
2014-01-31,29.723118279569892,7.833333333333333,21.63037634408602,10.825268817204302,64.42069892473118,38.079301075268816,6.377688172043011,19.434139784946236,10.943548387096774,66.47043010752688,23.607526881720432,4.612903225806452,20.00182962162746,11.008064516129032,53.05107526881721,36.600806451612904,4.756720430107527,19.329301075268816,10.415322580645162,42.920698924731184,33.005376344086024,4.19489247311828,16.947580645161292,8.955645161290322,59.01881720430107
2014-02-28,36.33899777737116,7.238095238095238,20.00291239661068,9.293154761904763,56.941964285714285,42.05273768492992,5.697916666666667,18.634184580443378,9.604166666666666,66.78422619047619,30.334722177958536,3.761904761904762,19.986194162175096,9.681547619047619,56.163690476190474,44.71577380952381,3.355654761904762,18.641369047619047,8.59672619047619,42.20982142857143,40.03597427777081,4.022321428571429,16.32282806199891,8.620535714285714,60.013392857142854
2014-03-31,32.96370967741935,7.657258064516129,18.146505376344088,8.454301075268818,50.87231182795699,37.0255376344086,5.530913978494624,16.956989247311828,8.291666666666666,56.375,27.31048387096774,4.600806451612903,17.142212624266346,8.505376344086022,47.89784946236559,38.634408602150536,3.818548387096774,15.66263440860215,8.030913978494624,39.278225806451616,35.15860215053763,3.211021505376344,13.708333333333334,7.8917570954609335,49.84139784946237
2014-04-30,32.981944444444444,6.415277777777778,18.211111111111112,9.308333333333334,46.327777777777776,38.74305555555556,5.680555555555555,16.555555555555557,9.4625,51.459722222222226,28.5375,3.5388888888888888,18.210223942348378,10.063888888888888,45.540277777777774,39.477777777777774,2.9194444444444443,16.170833333333334,9.081944444444444,34.6625,36.7875,2.5972222222222223,14.656944444444445,7.0680555555555555,45.97006313002354
2014-05-31,32.55753562687288,8.275537634408602,18.381662809841902,9.131720430107526,45.259408602150536,37.993870597141004,6.579301075268817,16.69109144900262,8.935483870967742,48.70564516129032,27.887007128478675,5.020161290322581,18.36301574660282,10.092551545908504,42.821236559139784,37.935483870967744,3.7204301075268815,16.947580645161292,8.46774193548387,33.774193548387096,37.41286924013707,3.8091397849462365,15.49051136782697,7.095430107526882,43.96236559139785
2014-06-30,28.656944444444445,6.991666666666666,16.79722222222222,8.761111111111111,42.0125,32.71805555555556,5.131944444444445,15.598611111111111,8.334722222222222,45.31944444444444,23.570833333333333,3.9875,16.195833333333333,9.795833333333333,38.68194444444445,33.02361111111111,3.263888888888889,14.8625,9.141666666666667,30.976388888888888,33.1375,3.3319444444444444,13.440277777777778,7.559722222222222,38.523640180548654
2014-07-31,27.820716415036078,6.15994623655914,16.427304114307468,8.51478494623656,41.95161290322581,31.85870893621749,4.338709677419355,15.520623758220296,9.21505376344086,43.774193548387096,23.565680923624015,3.6586021505376345,16.64979160478942,9.740591397849462,35.094086021505376,32.89247311827957,3.424731182795699,15.125,7.728494623655914,28.836021505376344,34.130846007155874,3.131720430107527,14.123455838922265,7.036290322580645,39.153225806451616
2014-08-31,27.50971239996462,6.184139784946237,15.424500701733209,8.564622080927101,43.75403225806452,30.60317056060703,4.956989247311828,14.662215258376076,9.215733333893514,42.223118279569896,23.280510572777697,4.091397849462366,14.964532775414408,9.885422800815142,38.354838709677416,32.26859865655779,3.10752688172043,13.837348855102002,9.452956989247312,28.956989247311828,32.27916513259131,3.418010752688172,12.93919600894229,7.338621717803587,41.443319352391285
2014-09-30,24.72114725774122,4.847222222222222,13.481706280679873,7.898611111111111,36.675,27.227442912627264,2.941666666666667,12.432900211433056,8.779166666666667,35.46527777777778,20.738518353267413,2.4555555555555557,13.323458205453688,9.066666666666666,30.968055555555555,27.40731933386555,2.8625,12.695833333333333,7.751388888888889,23.10972222222222,28.732915081455467,2.4125,11.631613653684811,6.570833333333334,35.42428999241297
2014-10-31,23.208073261281477,8.598118279569892,15.788920874358036,8.791666666666666,48.278225806451616,26.93368223979753,5.743279569892473,14.505723195009308,9.258064516129032,45.91935483870968,20.15981176798683,4.690860215053763,15.783714671334,9.547043010752688,43.274193548387096,29.051075268817204,5.05510752688172,14.865591397849462,9.474462365591398,32.93010752688172,28.542018913969056,3.842741935483871,13.791546621632929,7.193548387096774,45.26747311827957
2014-11-30,22.525582665528134,7.536111111111111,19.584543599398792,10.993055555555555,74.46527777777777,26.52544329558156,6.916666666666667,17.37293904746368,12.030555555555555,73.17361111111111,19.40666654272834,4.779166666666667,19.80995476520138,11.345833333333333,63.13611111111111,27.593055555555555,4.134722222222222,17.17222222222222,9.552777777777777,49.31805555555555,27.58545019998049,4.004166666666666,15.448363018041386,8.186111111111112,65.24722222222222
2014-12-31,22.589013475233436,6.248655913978495,18.911059841518156,10.450268817204302,72.79456143594506,26.675751205768318,5.725806451612903,17.771086226118012,11.869623655913978,71.68010752688173,19.35985647090395,3.90994623655914,19.665174607428302,11.967691043690035,64.22715053763442,28.932795698924732,3.6975806451612905,16.741935483870968,10.219086021505376,50.5011186563044,27.27244470248378,2.885752688172043,15.41903471861971,8.341397849462366,64.0155564454944
2015-01-31,26.48877089348648,7.564516129032258,20.749596658140643,10.746073693830327,90.55376344086021,28.31327697568595,6.048387096774194,18.46936057312588,12.143152688732224,90.87231182795699,22.59749075956578,5.502688172043011,20.032335132892005,11.652895919094712,80.75806451612904,34.63092053840698,4.166666666666667,17.541915400315958,9.310585328668106,63.50806451612903,28.98551478848641,4.271505376344086,16.209117209197395,9.165234621029393,84.26075268817205
2015-02-28,24.703005236875384,7.063988095238095,18.581653856498708,9.52827380952381,83.35565476190476,28.814463054789762,6.157738095238095,18.18826802704442,11.413690476190476,86.94345238095238,23.377628813331057,4.511904761904762,18.45614385332712,11.10324000283219,72.80505952380952,32.600747678999106,3.7723214285714284,16.496417453746332,8.726246640274606,58.86309523809524,30.179481400769266,3.474702380952381,15.358320836043797,7.96875,73.1577380952381
2015-03-31,23.771809174158168,4.454301075268817,17.560253389905252,8.99731182795699,67.96908602150538,27.206665184262942,4.342741935483871,15.941785150849194,9.643817204301076,65.87231182795699,20.974103782731905,3.1438172043010755,16.300927295600342,9.856182795698924,54.836021505376344,27.212546989504833,2.0591397849462365,13.88384418966858,6.28494623655914,41.5994623655914,26.15282104656981,2.403225806451613,12.81419600894229,7.126344086021505,53.38306451612903
2015-04-30,32.16863822108369,6.298611111111111,19.331765821621012,9.716666666666667,83.50416666666666,33.77127662891489,4.908333333333333,17.846550158574793,10.791666666666666,94.10694444444445,27.830277653839453,3.8541666666666665,18.615510320756933,10.527777777777779,72.1375,37.42638888888889,2.522222222222222,15.417763942439878,7.308333333333334,56.609722222222224,33.19239464442494,2.5791666666666666,13.888640795819164,7.656944444444444,77.52777777777777
2015-05-31,27.3009889585535,5.631720430107527,17.336376636926172,8.603494623655914,67.71774193548387,30.11077753158736,4.303763440860215,17.127615872740225,9.619623655913978,81.81586021505376,25.416173615234868,3.0268817204301075,18.1733516443537,10.431451612903226,62.23521505376344,34.64185462468602,2.360215053763441,15.056683610256666,6.370967741935484,47.75268817204301,32.88973243365714,2.3938172043010755,14.824828652080596,7.456989247311828,58.32795698924731
2015-06-30,25.502554219945168,7.198611111111111,17.301031643242037,8.309831705846895,66.95277777777778,26.02033103560756,5.240277777777778,15.997266983816253,9.615980000578853,75.34166666666667,20.785555307678898,4.673611111111111,17.3143539748472,9.445492449731203,62.87638888888889,29.063624668263316,3.9069444444444446,14.864402938430748,6.877882617401488,51.327777777777776,27.24728928884987,3.2319444444444443,13.702281591638327,7.555464663952595,59.94166666666667
2015-07-31,29.049514836506077,6.689516129032258,16.49831019238476,7.89929950028194,64.29166666666667,29.37451390542667,4.485215053763441,15.66133364025229,9.52218494679674,73.34946236559139,26.346191496401712,4.172043010752688,16.682387231694648,8.937005168964646,61.193548387096776,36.206914948039234,3.135752688172043,14.549415503963031,6.123858829379228,47.80510752688172,33.47610618633586,2.814516129032258,13.507504305971588,7.349286446359861,62.26747311827957
2015-08-31,27.800728886501645,6.55241935483871,16.1978781564455,8.027712691283126,57.00672043010753,28.858251391068787,4.228494623655914,14.903384741097684,9.13341182879726,64.10483870967742,24.054345538305302,4.44758064516129,16.152929860017895,8.788318719909851,51.84543010752688,32.053907689330906,3.174731182795699,13.655615035957798,6.321388745690337,42.19892473118279,30.310666189923246,3.3239247311827955,12.914802385498964,6.950808920791402,51.666666666666664
2015-09-30,23.437679553847765,6.1097222222222225,15.347648732431526,8.139747558770342,62.025,24.779137165594552,4.004166666666666,15.144130793417743,9.639247778646059,66.72222222222223,22.521805369648064,3.8,16.747571036690957,9.637683119041249,57.46944444444444,30.762649056753045,3.5541666666666667,14.710802203823057,6.887657259435567,38.65694444444444,27.256647522192957,3.1819444444444445,12.01179706963578,7.983891440373337,55.0
2015-10-31,19.819546090802724,6.755376344086022,15.864544823112167,9.082201151101515,70.35618279569893,22.209486838405766,4.5,13.89800839701166,9.57662795810961,72.38306451612904,18.722535582423223,4.32258064516129,16.164914113415076,9.644501515608779,58.64650537634409,26.364754356512623,3.5309139784946235,13.929526378103915,6.888643775615785,42.20967741935484,24.951795222181318,2.717741935483871,13.066644090917825,7.459501500123302,61.331989247311824
2015-11-30,21.333244146060842,12.072222222222223,18.4198114137126,9.327247558770342,80.74722222222222,23.39363678264026,8.344444444444445,16.397147512942674,10.585081111979392,87.67916666666666,21.28699051352048,8.591666666666667,18.912463365832156,9.89740534126347,75.19722222222222,31.293204612308607,5.966666666666667,16.896913314934167,7.7084905927689,55.78055555555556,26.322167959223492,4.816666666666666,14.863434051594393,8.15472477370667,76.89305555555555
2015-12-31,20.324142218733183,8.379032258064516,19.49878056446584,10.6850767076941,90.94354838709677,24.105077124452443,6.641129032258065,17.814024679503397,12.487586022905836,96.29569892473118,21.077105354956014,6.225806451612903,19.71083807973899,11.900384959027095,76.15994623655914,32.4887730667051,4.258064516129032,16.992947154763957,7.582242891562737,49.61021505376344,25.10414660568127,4.235215053763441,15.23983111263579,8.840505907412192,77.32661290322581
2016-01-31,22.01149031982614,7.681451612903226,21.657497955534716,11.296635847479045,90.73252688172043,25.6590025968371,5.485215053763441,19.917056835261597,13.064198926131642,99.8024193548387,23.954972818428775,5.573924731182796,21.914541098605486,12.767320442898063,73.64516129032258,39.21574220623251,3.6196236559139785,18.377637963155472,8.023103106616505,47.78360215053763,35.43724510747968,3.413978494623656,17.143216979132387,9.258516660100364,77.63978494623656
2016-02-29,29.17074574477086,12.112068965517242,20.374630435537732,9.175513874165988,92.4080459770115,32.30120451959402,9.988505747126437,18.433954351074284,10.829039081657399,100.12212643678161,31.319827329782772,9.145114942528735,20.339561583175268,9.526593574156507,84.13793103448276,46.406335863720685,6.372126436781609,17.26489959148008,6.615159438301931,58.660919540229884,42.807540643637786,6.323275862068965,15.910406244223557,8.006995856453646,88.42241379310344
2016-03-31,28.448318276815385,7.223118279569892,17.910186127577724,8.578893911995173,81.36424731182795,32.03534668285861,6.216397849462366,16.193938555691705,9.077639786346689,88.55779569892474,28.18212335606319,4.69489247311828,17.92529378677753,9.064363453650754,67.24462365591398,39.46439812021102,3.096774193548387,14.661240113693106,6.868533214143386,39.87768817204301,38.17380424726461,2.8158602150537635,13.436227731820559,7.387548918164881,65.80376344086021
2016-04-30,28.78785910769552,5.311111111111111,18.75501968708527,9.23643956198513,81.99166666666666,33.56244099785579,5.406944444444444,17.767428253502153,10.517384446181005,90.57083333333334,28.611666294851688,4.225,18.365975406715247,10.015644015860271,71.39166666666667,42.49890922461721,2.826388888888889,15.102159963201673,7.403092296648911,44.6,39.346628377719234,2.6930555555555555,13.789533498568602,7.678893991857786,69.95694444444445
2016-05-31,34.89589892197667,6.131720430107527,18.192444192093856,9.108463804468295,74.3010752688172,38.883464962428505,4.827956989247312,16.64555145891751,8.785973119680023,84.90456989247312,36.09475776466534,3.928763440860215,18.85271314161624,9.143664528919574,67.6008064516129,48.066548657845416,2.89247311827957,15.651831511542568,6.8214902033907,44.85215053763441,46.28939564511408,2.6948924731182795,14.774937409239913,7.316312359025096,64.8239247311828
2016-06-30,25.39520666382035,5.538888888888889,15.732192331830323,7.44402370906168,58.65833333333333,28.817080461176115,3.8819444444444446,15.025403174214759,8.460783334780468,63.829166666666666,27.7909719123764,3.533333333333333,15.964470246336777,7.9095644576613395,47.93194444444445,37.72293361310693,2.623611111111111,13.181892561927324,5.894706543503725,32.518055555555556,35.28654216661789,2.7736111111111112,12.647990878436799,6.543522770992599,46.138888888888886
2016-07-31,26.10826451337453,5.365591397849462,15.601046342631491,7.4068509012424855,60.043010752688176,28.419755285009145,4.934139784946237,15.056841781498157,8.490274194948839,68.64381720430107,26.878359915202967,3.922043010752688,16.351369055594734,8.204148399887314,51.33870967741935,37.75606478687768,2.717741935483871,13.356132586811388,5.912888052853067,33.97043010752688,35.856599946189355,2.7486559139784945,12.373055688809805,6.245075799885311,54.049731182795696
2016-08-31,27.085805159086718,5.548387096774194,14.923041375180464,7.215265667230548,62.76478494623656,29.381234335534195,5.330645161290323,14.860258371435084,9.030929033378426,71.88306451612904,28.081451373022592,5.03494623655914,16.63217051329299,8.218426246791573,56.340053763440864,39.80485182950215,2.872311827956989,13.7827555318147,6.285149151959874,36.071236559139784,36.63850576340309,3.2379032258064515,12.851670357499456,6.893641285069539,52.255376344086024
2016-09-30,22.54659555270924,5.129166666666666,13.915525665163655,7.070412597950568,58.06944444444444,25.136524905620554,3.751388888888889,12.236514285325873,7.692727779224912,65.0625,23.78124969015418,3.547222222222222,14.721414690781227,7.61789779099467,50.951388888888886,33.65348916866249,2.861111111111111,12.649948117482877,5.933595432392612,34.855555555555554,30.36848661106233,2.375,12.060490878436799,6.5601894376592655,49.223285176755134
2016-10-31,23.54270809613484,7.966397849462366,14.381028986920061,6.8397525520620635,57.62768817204301,25.84416240475596,5.786290322580645,12.674817818138983,7.4775129051864395,63.65725806451613,24.074237891483268,4.620967741935484,15.06676038142469,7.561345394250845,53.95564516129032,33.16270435780025,3.711021505376344,13.056102461478863,5.703312091198592,34.263440860215056,30.809269591322316,3.379032258064516,12.822924355901646,6.133428700484596,58.88712490590731
2016-11-30,20.53243792270009,7.801388888888889,17.632132790889173,8.744023709061683,72.59444444444445,24.72880230044404,6.277777777777778,16.390800422866114,10.046894445891578,82.35833333333333,20.996434834026594,6.073611111111111,18.352973686589092,9.841508902105781,67.00416666666666,31.634832891017766,4.3180555555555555,16.035218977591704,6.8974843212815005,42.854166666666664,30.607618159203973,3.916782256280726,15.417352625191334,7.728244993214821,62.21666666666667
2016-12-31,23.64039254186473,8.939516129032258,18.541205704541692,8.988840148554313,79.66263440860214,25.735911013687176,7.239247311827957,16.552925140408068,9.931134410002603,89.03360215053763,23.153852726754135,6.704301075268817,19.037338462168428,9.513288184833554,70.61962365591398,35.70709634614622,4.084677419354839,16.485430314821034,7.181705257154139,44.82258064516129,33.183330265182626,4.564516129032258,15.519521050142645,8.017925262250902,71.81989247311827
2017-01-31,28.996705373589585,8.088709677419354,20.53115386951321,9.073517567909152,87.87768817204301,27.79609937103065,6.314516129032258,18.93318586751966,11.376026883120883,101.6760752688172,27.183467442084687,6.147849462365591,20.411852926562474,10.013288184833552,79.40725806451613,37.81789274386693,4.978494623655914,17.286240113693108,6.988156870057365,53.708333333333336,30.812245107479676,3.836021505376344,15.698324506014107,7.860771874935251,82.96098939266714
2017-02-28,28.643097932645073,6.309523809523809,17.03585229161099,7.352227783518466,81.80208333333333,29.538954435405685,4.6875,16.402729704688287,9.032386906312405,93.57886904761905,27.93358092870131,4.973214285714286,17.53104692161579,8.656080966541907,71.41815476190476,37.48479482413719,3.3720238095238093,14.649929588012478,5.9392689156587535,50.00892857142857,31.8402675435846,3.0282738095238093,13.673265398513433,6.993060111777784,74.98337517447742
2017-03-31,26.74011497950798,7.766129032258065,17.031211489778833,6.984082871531623,70.35887096774194,28.602255470309615,5.076612903225806,16.844360573125876,9.18684301187305,87.49327956989248,27.33539398537224,4.587365591397849,17.828034057623185,8.26278108550125,58.81720430107527,37.212291292125265,3.9489247311827955,14.741619805038297,5.926278184217936,43.51747311827957,31.075568551927272,2.8158602150537635,12.519641095176382,7.431275693671689,64.88720731055108
2017-04-30,31.07634488490404,5.663888888888889,16.583402597895777,6.857772352822981,73.88055555555556,33.53557931231324,4.461111111111111,16.595564443900663,9.053438335118132,86.00416666666666,32.09763845510474,3.9208333333333334,17.11470278931594,8.18786623808249,67.53333333333333,40.566551502794155,2.9583333333333335,13.950205142253806,5.982258963315581,49.556996987392075,37.49838125548726,2.5097222222222224,12.875437865454943,6.838616214080007,72.93590145450531
2017-05-31,38.3295185628192,7.60752688172043,16.207113897799168,6.797240029944192,80.95295698924731,40.73007712445245,5.486559139784946,16.56010803841331,8.796670431554661,92.88978494623656,40.33512504822762,4.80510752688172,17.36809614425512,7.988257649757251,74.45698924731182,50.14621252932822,3.5336021505376345,14.354506294548905,6.4162567227151905,55.244623655913976,45.07481154474307,3.4193548387096775,13.284185951345465,7.57645370157898,71.46553598357038
2017-06-30,26.943952145491576,5.743055555555555,15.316249880078669,6.484941189471567,58.41111111111111,28.4056639859866,4.597222222222222,14.503061481118959,8.01529333449104,72.92701842957119,28.05907378488465,4.013888888888889,16.27785741509951,7.696540455017959,57.05972222222222,35.36797877964055,3.0680555555555555,13.185784909650682,5.582154123691871,37.96292034358105,32.86003194810261,2.7111111111111112,12.868865560615086,6.724818216794079,56.96896904920543
2017-07-31,27.133802147783133,7.450268817204301,16.208573224351927,6.69045305178012,65.38709677419355,26.92378754307366,5.634408602150538,15.966788018057294,8.561510754088625,81.79258051604421,28.59879002272985,4.520161290322581,16.710240023336667,7.260600012790541,53.170698924731184,35.95902177612499,3.6088709677419355,13.75129387713397,5.109124611992851,41.43868052314912,31.62810532253345,2.9986559139784945,13.913298239432475,6.964161821390687,58.797985290790756
2017-08-31,23.75195168164968,9.38978494623656,15.64066807013309,5.858463804468292,59.73521505376344,24.713061551321577,4.989247311827957,13.636258473741403,6.596456990647764,62.18817204301075,24.700895737506823,4.807795698924731,15.273897601953381,6.2283419482744105,50.89381720430107,28.33612860421074,3.5094086021505375,12.965269024498456,4.825522461455216,37.528785134603815,27.707523813569722,2.961021505376344,12.420058684551247,5.958785477304666,51.129086530994286
2017-09-30,24.195341034380473,8.283333333333333,12.610694324523118,6.140621609403252,64.22982290013616,24.973719541542145,5.526388888888889,13.55445037000785,6.929125001205945,69.39325918143035,23.539583023487516,5.570833333333334,15.418098558709445,6.563062973977041,55.3375,28.96797877964054,3.897222222222222,13.035784909650685,5.334246193660511,39.734722222222224,25.476698614769294,3.6569444444444446,12.091087782837308,6.002704161012351,56.914974742316794
2017-10-31,25.40695540796281,8.147849462365592,16.211030915332447,6.263758715899586,65.22446236559139,27.9073344477667,6.978494623655914,13.090024781809715,7.213060216734306,75.8055911396153,27.90622713879509,5.049731182795699,16.835092050119812,7.701967327176605,59.93682795698925,33.44496242231638,3.631720430107527,14.09481548615739,5.140089319337657,43.18624659117528,30.327969379855936,3.568548387096774,13.024617289149944,6.472854400722588,63.824151775390554
2017-11-30,23.673701477686386,10.058333333333334,18.518124820118004,7.125328450874018,76.55277777777778,25.45363486786877,7.204166666666667,17.348342221678443,9.315995557292116,91.65542574803128,24.901805121771414,7.463888888888889,19.66192501153816,8.572588460304715,73.85416666666667,33.576086280305816,5.840277777777778,16.87604539325609,5.971147852204467,48.711163654058744,27.24838125548728,4.3180555555555555,15.5434934210105,7.258060658524452,85.65020554291048
2017-12-31,26.61997117949029,9.888440860215054,20.366416901480363,8.621904664683347,93.69623655913979,25.921985911903448,7.329301075268817,18.760145621668748,11.179790323981097,102.46639784946237,26.50860179071669,7.516114975428735,21.596105232305074,8.976997862252908,80.90053763440861,35.937116453930635,6.120967741935484,17.14187523320592,6.020414934573495,54.26478494623656,30.494048967685284,4.880376344086022,16.962989407216927,7.880828488057354,71.42607128782186
2018-01-31,25.36229677143904,10.934139784946236,17.96394956843794,7.1413409360477536,77.68010752688173,22.770561736622042,6.397849462365591,15.599852534186326,8.68953118391606,90.08103927588671,22.866263141009426,7.313172043010753,17.99787443193882,7.109555279049638,67.93413978494624,27.082677690103484,5.26747311827957,14.74188527498343,5.6157943132501975,50.66532258064516,23.708750483823767,4.063172043010753,14.56929224794959,6.304931607650184,62.952776255979245
2018-02-28,31.7329595207599,8.263392857142858,16.925148681036667,6.478046962455865,74.91815476190476,30.298062398879168,5.40625,14.666970634532223,7.485074406053989,89.01440461895368,32.68531715047165,5.502976190476191,16.8944305637971,6.513996043546827,71.3125,37.68379791880504,3.8139880952380953,13.837448117482877,4.862585207493403,51.71875,33.03915232137632,3.193452380952381,12.79551071970664,5.502897315370376,73.10976983223766
2018-03-31,30.517430533778107,8.418010752688172,16.44764767538301,5.986876995469477,75.1760752688172,30.346259549550446,5.619623655913978,15.216137633882363,7.258759141465489,90.60969531898228,30.387499580208885,4.309139784946237,17.296486570305746,5.906268402445422,72.53225806451613,35.00795306722014,3.192204301075269,12.598316804331644,4.3228850182623875,49.68682795698925,30.155691537568316,2.471774193548387,13.159105921322974,5.388176981367749,62.58875797885601
2018-04-30,32.86312784881577,7.816666666666666,16.075912561359743,5.116885633916012,70.43888888888888,36.01044138081009,6.179166666666666,16.09496708953278,7.023626667824374,91.01577751093579,36.78814781764594,5.379166666666666,18.03302752201849,5.4409848994624035,66.94166666666666,42.21122177990666,3.3097222222222222,13.557166880870623,4.415487457025201,50.31111111111111,35.69638571846648,3.5541666666666667,14.124338418480733,5.081762661238524,72.18055555555556
2018-05-31,31.381287737528275,8.564516129032258,15.059792427780279,4.894255896478638,66.8010752688172,33.76515684311141,5.494623655913978,14.33879631276264,6.35010161463045,81.19207868089045,33.719354358948415,5.696236559139785,16.19579263948921,5.134623528319804,61.130376344086024,37.81938107835912,3.9838709677419355,12.608521816317573,3.880017128984731,43.825268817204304,33.799860989171776,2.861559139784946,12.99231920962257,5.025378432761776,59.530626689864036
2018-06-30,25.38844177322366,4.576388888888889,16.449285508706282,5.5906062286517955,51.81805555555555,24.935106515659562,3.3583333333333334,14.101478412076949,6.438217779514338,64.80299923282926,24.66277728202447,3.2472222222222222,16.550930171916626,5.610088460304715,47.30694444444445,29.084193780971084,2.701388888888889,13.071861432417048,4.357258963315579,35.81944444444444,23.224054970246833,2.183333333333333,12.002884852473088,4.497706712496799,45.618227915333165
2018-07-31,28.426552828419442,6.729838709677419,14.928945711613185,4.517685022069259,63.29032258064516,29.179754914408214,4.39247311827957,14.251965488565292,6.020176345206385,83.31634382778729,29.429345538305306,4.73252688172043,16.410135825731377,5.202297214533509,60.89381720430107,34.81673005595241,3.045698924731183,12.160426967561865,3.7730523777663247,43.52284946236559,28.213017573423205,2.5188172043010755,13.583997164163657,4.775361715177066,60.44969423994292
2018-08-31,26.020508813898896,6.14247311827957,15.193029804706178,5.099176038810784,53.13306451612903,25.966340750613124,4.131720430107527,14.211758524894561,6.499627420801972,64.05779569892474,25.466935124050018,4.127688172043011,16.147145048701784,5.483578794578898,49.60618279569893,30.693836884038152,3.181451612903226,12.257466631055385,4.057385754973257,35.71236559139785,26.07726488525116,2.3669354838709675,13.303043170657787,5.219538165476709,47.49327956989247
2018-09-30,25.305645922130832,6.145833333333333,15.260515701699685,5.338593017882254,55.3,24.644996170457034,3.9319444444444445,14.532944973027089,7.041281668162038,72.34090731846007,23.965740327612984,3.6805555555555554,16.061423291412005,5.592753643287084,56.290277777777774,29.47270778043887,2.626388888888889,12.34298637886606,4.189854169027922,36.541666666666664,24.464926592527565,2.4375,13.843576118700406,5.795019826321981,55.016666666666666
2018-10-31,24.239724871430198,5.53494623655914,15.599001403466424,5.736771043574634,52.625,23.91467445454738,4.352150537634409,13.337871376967206,6.647864517249394,63.04578842286836,22.499238011423586,3.1088709677419355,16.35185459120069,5.62030796722168,50.34543010752688,27.033127905414766,2.4556451612903225,11.913928285736118,4.291869582067398,33.92607526881721,21.555759508907084,2.0698924731182795,11.742639329712537,5.119447736682442,46.477005898070175
2018-11-30,28.791353921561566,6.25,20.28334305695463,7.332272895318463,76.57777777777778,26.648690040470047,5.725,17.16941449675893,8.628495557292116,89.10972222222222,25.630879154532703,4.1402777777777775,19.99070622956825,7.612866238082491,72.05694444444444,33.89312783639359,3.0586871045823893,15.50353155791819,5.322536741093357,47.90833333333333,25.511123914740033,2.5930555555555554,13.868452072165544,5.845560658524452,61.89435517928419
2018-12-31,27.215835120857186,10.333333333333334,21.570545115952317,7.841715705146899,80.59274193548387,27.265452356735672,7.529569892473118,19.226008703930617,9.821931184476242,97.62231182795699,24.388664374800655,7.412634408602151,21.74686790830641,8.231537219649722,80.34677419354838,33.75025134730508,6.448924731182796,16.737554074382086,5.899497921488194,53.16263440860215,27.812075179132798,4.678763440860215,16.086405231127944,6.956725368464523,77.46093511973734
2019-01-31,24.925252468160167,9.37768817204301,15.538872664048508,6.1220106165781925,69.04166666666667,26.10744123344657,8.880376344086022,15.4076915507827,7.4425666686272995,87.09543010752688,23.434273653816966,6.473118279569892,16.919023439855465,6.117797007154068,61.70161290322581,31.55285210025078,4.401881720430108,13.320339731529312,4.874011015929775,44.840053763440864,27.29214872034515,3.728494623655914,12.653489487169477,5.308875906098932,69.92324245720997
2019-02-28,23.502592695769685,7.904761904761905,15.228007958921802,6.240503336777747,65.74843002410132,25.612884237758767,7.982142857142857,14.890056915739102,6.992944048549348,84.9360119047619,22.692807251968567,5.191964285714286,15.396869196995263,5.396029532306097,56.07738095238095,28.345799466138963,3.7142857142857144,12.051439918615053,3.7159423017762014,39.18154761904762,25.457047091224553,3.4404761904761907,11.843174069659566,4.9306574956380995,71.1470678544332
2019-03-31,32.04322824023856,9.478494623655914,15.599587016078743,5.279162729199475,72.24524344762024,33.45453949004384,9.09005376344086,14.90407844294426,6.501026883120883,87.5013440860215,28.71689030119258,6.165322580645161,15.864063886190603,4.743126894510968,64.47311827956989,37.02390070137121,4.149193548387097,12.148861133258581,3.5257912786595154,47.82045180127048,32.86513412538824,4.623655913978495,12.613487026614283,4.798839240745526,72.18187956010273
2019-04-30,40.93342369990861,6.7972222222222225,16.911904590588573,5.374828993369495,80.8013888888889,42.36582950379039,4.904166666666667,15.228778306360422,6.096837223717594,87.3013888888889,38.371295883168536,4.498611111111111,17.158645513634227,5.098309198842637,75.84444444444445,46.69354111377221,3.2333333333333334,12.872153045532725,3.9079097245834746,60.99166666666667,41.146871036971994,2.5236111111111112,11.63111746754536,4.872905770540253,82.21249794315256
2019-05-31,38.88705418969207,11.255376344086022,15.973185309791612,5.34771111629625,79.35215053763442,42.56400148503432,7.275537634408602,15.15834193495763,5.56285484011013,92.88306451612904,38.802822160854056,8.040322580645162,16.694336032671334,5.369470980532475,73.25403225806451,47.03349070162876,4.274193548387097,12.247510352718738,3.797296655003603,60.638440860215056,45.76590659133177,3.524193548387097,12.296202695516524,4.771957520315418,75.87019425217999
2019-06-30,29.928853921561565,11.14861111111111,14.395843056954634,4.761439561985129,54.37638888888889,31.551467818247833,7.059722222222222,13.669414496758929,5.532662223958783,66.85779627405947,30.025323598977153,6.6194444444444445,15.046261785123807,4.794810682526938,51.983333333333334,35.10146116972693,5.275,11.668809335695967,3.4989256299822435,38.548611111111114,32.430568359184456,4.269444444444445,12.103215643232721,4.56083843630223,52.51072498103244
2019-07-31,27.238814619248704,8.82258064516129,13.878340814877053,4.743597425577007,49.456989247311824,27.92107082160603,6.443548387096774,14.372398463300273,5.6888666683472096,60.69869155183697,26.52446188583013,5.14247311827957,15.600362531962327,4.96540818739166,47.225806451612904,31.636585379434393,3.9919354838709675,11.756371278683165,3.451917276326903,34.77956989247312,28.29179647304276,3.700268817204301,13.113286951558054,4.738983432980652,46.75955125121704
2019-08-31,29.173864656376434,11.884408602150538,13.568730657849741,4.7340828715316245,52.408099726399456,29.66900222623617,6.893817204301075,13.42669667136099,5.337380646281653,69.06720430107526,29.417248764111758,7.333333333333333,14.708522922505571,4.864931623135658,49.98118279569893,34.90947199143628,4.14247311827957,12.785426967561865,3.438374958411484,36.278225806451616,30.809791766971593,3.78494623655914,11.957653078142151,4.561652037757711,53.358497293472254
2019-09-30,26.542025774362195,11.86111111111111,13.353630798196384,4.796801486839457,51.38055555555555,27.65827433118912,6.833333333333333,13.059094920168825,5.583005557002689,58.2125,26.336666294851682,7.8,14.192364295604138,4.9012311243280005,49.05694444444445,32.29613144683943,4.761111111111111,10.481326629868343,3.4433176546148325,34.288445773057354,28.355083040678963,4.557137093801209,11.361755720790825,4.27963388210371,50.21882164517013
2019-10-31,24.918098204212633,12.608870967741936,14.99673562530077,5.609430496412528,52.59274193548387,25.743813498291765,8.489247311827956,13.612527393252021,6.3303279583897,61.5255376344086,21.362006768657725,7.763440860215054,14.594388131473982,5.1315677547260234,48.733870967741936,28.132190325155896,5.576612903225806,11.2700943451392,3.9196084829605904,36.15951741478669,24.73084293900517,5.44758064516129,11.497855613753575,4.655022036444451,47.977407704053654
2019-11-30,24.731049033811203,18.856944444444444,16.048799457555845,5.7753438316254755,70.66884885088511,27.030191189332932,13.854166666666666,16.118697671517467,6.901404445602152,89.07916666666667,23.907545945137706,11.584722222222222,16.95575146436687,5.654873788351291,63.854166666666664,30.52173216892859,7.5055555555555555,13.46855231092504,4.300209679247422,45.415277777777774,29.086784825870645,6.411111111111111,13.443741514080223,6.406719076732871,64.59284795579741
2019-12-31,22.69042752247451,19.606182795698924,17.74662038476952,6.520358309514085,79.49327956989248,24.957361144186663,14.298387096774194,17.220516742870167,8.405319894106979,88.09677419354838,21.423655434217228,11.779569892473118,18.371867908306413,6.558289620657063,76.17069892473118,30.784434841799975,8.314516129032258,14.354489558253057,4.597742154851874,55.42338709677419,27.07674270960189,6.268817204301075,15.06489985478386,6.623287357930712,77.3763440860215
2020-01-31,21.85158780902923,19.135752688172044,15.163930284314134,5.68445764063077,65.00403225806451,23.596097518025985,16.598118279569892,14.547245263070401,6.612253765121403,81.108225612776,20.739470826413555,14.78494623655914,14.987944841761832,5.572935069112088,59.04032258064516,27.21530511074594,8.911290322580646,11.202873307768082,3.9035301795527095,40.483870967741936,24.5849246414984,8.612903225806452,12.145505001062936,4.861295260937641,56.479894973104926
2020-02-29,27.826659920034583,19.814655172413794,15.234390243448573,4.880311882937372,76.82902298850574,28.195025368275434,18.76867816091954,14.372790694673245,6.103109196899335,75.4367816091954,27.276484311061996,14.979885057471265,15.56485783670136,4.8202390941324165,65.89942528735632,32.76673442762728,9.10632183908046,11.180111586014409,3.5792941254636204,48.333333333333336,31.76793832561331,9.221264367816092,12.36565214100253,5.01783660194228,65.30028735632185
2020-03-31,28.083550820883723,12.524193548387096,13.524318198874443,4.003625094790874,70.6236559139785,29.095668522301903,8.89516129032258,12.132573066600173,4.871994625056366,75.48790322580645,30.538082037474926,8.620967741935484,14.027183830398716,4.2954067515681436,53.82661290322581,39.77793295943573,5.897849462365591,9.972785864441377,2.8443396657562876,47.409946236559136,34.886639501732326,6.954301075268817,11.880960144893853,4.379484402035849,65.5870200488419
2020-04-30,33.5723125887975,10.27414404913273,12.4591268128108,3.9928845489250535,67.15518922784587,35.30580191748975,8.516666666666667,10.871714391042403,4.4496150014953715,72.17083333333333,35.07685143872409,7.058949810317823,12.40725662474534,4.117609495579496,59.37469675896105,42.70881889154998,4.645851021895786,8.567986378866062,2.915557350107671,48.70283032072541,38.484492366598374,5.417605435883043,9.911631674255963,3.8506835483180315,63.148785527736415
2020-05-31,36.11567884937392,10.524193548387096,12.592165732827652,4.021339886056502,64.65725806451613,37.43064145528102,6.126344086021505,11.041290834112235,4.791238711171235,69.125,38.01254440306633,6.204301075268817,12.540624690613768,4.182364027980159,56.793010752688176,45.33380322838171,4.876344086021505,8.623588968795111,2.9774210915020505,50.399193548387096,40.76444508954279,4.231182795698925,9.883608301925618,3.8931346166518583,58.82349479348556
2020-06-30,27.32495599601515,19.584722222222222,12.00840259789578,3.8567734378139416,54.09413875664491,28.366134867868784,13.195833333333333,9.594175555011773,4.150946668210276,55.94324051837241,29.625416232882525,11.329166666666667,12.064702789315938,4.231498384468388,46.06666666666667,34.24016261390527,9.936111111111112,8.94742736447603,3.1002795723298964,35.4375,32.97060347770948,6.763888888888889,9.715798340922628,3.7006835483180316,41.12361111111111
2020-07-31,26.584114690749658,9.456989247311828,12.993231359582952,4.205963016974856,51.33014273715214,27.347441604047496,6.71505376344086,10.691062467371477,4.4308021522181775,56.38109313616536,28.488126740392055,6.881720430107527,12.954342691224197,4.533956574488432,43.24882616372018,33.06745564838035,5.317204301075269,9.431367931423996,3.2825624376172255,35.37768817204301,32.45858055547688,3.8978494623655915,10.619967366654334,4.023929669539792,44.64881987411736
2020-08-31,24.61459483540427,10.618279569892474,12.8234061487922,4.209270256081197,45.888440860215056,26.763383761365812,7.780913978494624,10.713102610916064,4.5158118293574425,48.98924731182796,24.317741575662925,7.17741935483871,12.465728888219056,4.095277432145378,36.61290322580645,32.67098742167257,5.811827956989247,8.941606416001623,3.0472966550036014,31.048110819043252,30.2978124085455,6.276881720430108,10.52347327818467,4.165774724616494,42.139668438386074
2020-09-30,25.583692441028855,14.509722222222223,14.136964131529718,4.452357042395013,49.359722222222224,27.40966322007801,9.084722222222222,11.33826158683549,4.385783334780467,48.22638888888889,24.833888517073905,9.102777777777778,13.670142073381916,4.198453346550223,42.393055555555556,31.233631446839418,7.841666666666667,9.8868821854239,3.2891509879481657,33.47083333333333,29.125795044385914,6.391666666666667,12.04231127634638,4.61713388210371,42.925
2020-10-31,24.339317273047527,14.63978494623656,15.578840113143842,4.613840148554315,58.0255376344086,27.760104562074268,13.87768817204301,12.298892882343553,5.784629033658517,68.47849462365592,25.61756240417349,10.951612903225806,14.85857502130822,5.146352700962582,52.66263440860215,33.285053335393535,7.776881720430108,10.39134429331566,3.2267744129163876,34.888440860215056,31.16988940496757,8.413978494623656,12.627047931863075,4.910398380530472,52.719086021505376
2020-11-30,22.882975404940595,10.983333333333333,15.861418539438128,4.801607856138234,64.35833333333333,26.872025288574857,8.85,13.441830899134272,6.545848890046596,76.77777777777777,23.966064546281775,9.26388888888889,16.005133472751137,5.510429343906846,58.916666666666664,31.599135057285267,6.883333333333334,11.585510590707383,3.6154874570252,37.672222222222224,29.184910618476245,5.319444444444445,14.421684687237818,5.517873772349635,58.15785793809432
2020-12-31,25.839057200995672,13.81989247311828,16.662115826211554,5.424565692508116,73.27150537634408,27.893760105451836,11.900537634408602,14.460414438873054,7.241507528375536,84.72177419354838,25.019354478888726,10.543010752688172,16.67943856563841,5.124568329055429,65.17069892473118,32.744912152855356,7.056451612903226,11.660692437506999,3.843012489351512,44.38709677419355,31.688941440803568,5.862903225806452,13.11352704162553,5.315177627404546,66.1236559139785
